{"count":1,"self":5607.3224192,"total":22088.2655813,"children":{"InitializeActuators":{"count":9,"self":0.0019955999999999997,"total":0.0019955999999999997,"children":null},"InitializeSensors":{"count":9,"self":0.00099739999999999985,"total":0.00099739999999999985,"children":null},"AgentSendState":{"count":5092151,"self":23.890888,"total":220.23004999999998,"children":{"CollectObservations":{"count":9165879,"self":53.4888832,"total":53.4888842,"children":null},"WriteActionMask":{"count":9165879,"self":2.6451287999999997,"total":2.6451287999999997,"children":null},"RequestDecision":{"count":9165879,"self":21.174616,"total":140.2051486,"children":{"AgentInfo.ToProto":{"count":9165879,"self":15.977704,"total":119.03053299999999,"children":{"GenerateSensorData":{"count":9165879,"self":103.052832,"total":103.05282969999999,"children":null}}}}}}},"DecideAction":{"count":5092151,"self":16141.026918399999,"total":16141.0269275,"children":null},"AgentAct":{"count":5092151,"self":119.41207039999999,"total":119.6791332,"children":{"AgentInfo.ToProto":{"count":15473,"self":0.0494939,"total":0.26705829999999997,"children":{"GenerateSensorData":{"count":15473,"self":0.2175644,"total":0.2175644,"children":null}}}}},"AgentInfo.ToProto":{"count":73,"self":0.0010008,"total":0.0029058,"children":{"GenerateSensorData":{"count":73,"self":0.001905,"total":0.001905,"children":null}}}},"gauges":{"PointAndShoot.CumulativeReward":{"count":15546,"max":2497.251,"min":7.03443956,"runningAverage":1470.71875,"value":2496.952,"weightedAverage":2496.95166}},"metadata":{"timer_format_version":"0.1.0","start_time_seconds":"1681946723","unity_version":"2021.3.16f1","command_line_arguments":"C:\\Program Files\\Unity\\Hub\\Editor\\2021.3.16f1\\Editor\\Unity.exe -projectpath C:\\Users\\mario\\Documents\\Unity\\Training Chaos Cannon -useHub -hubIPC -cloudEnvironment production","communication_protocol_version":"1.5.0","com.unity.ml-agents_version":"2.3.0-exp.3","scene_name":"SampleScene","end_time_seconds":"1681968811"}}